[
 {
  "question": "Qual é a tua escola actual?",
  "options": [
   "ITEL",
   "IMEL",
   "IPIL",
   "ISUTIC"
  ],
  "answer": "ITEL",
  "tent":"Poucos mas bons"
 },
  {
   "question": "Qual é o teu curso?",
   "options": [
    "Informática",
    "Electronica",
    "Multimédia",
    "Mecanica"
   ],
   "answer": "Informática",
    "tent": "Software"
  },
 {
  "question": "Qual é a tua turma?",
  "options": [
   "A1",
   "M",
   "C",
   "A2"
  ],
  "answer": "A1",
   "tent": "A"
 },
 {
  "question": "Qual a tua linguagem de programação favorita?",
  "options": [
   "Java",
   "Python",
   "JavaScript",
   "PHP"
  ],
  "answer": "Python",
   "tent": "Cobra"
 }
]